correct_tick;human_selector_sent;human_selector_received;human_selector_mssg_json;human_sent;human_received;human_mssg_json;machine_sent;machine_received;machine_mssg_json;victim_sent;victim_received;victim_mssg_json;gravitygod_sent;gravitygod_received;gravitygod_mssg_json;rewardgod_sent;rewardgod_received;rewardgod_mssg_json;ontologygod_sent;ontologygod_received;ontologygod_mssg_json;robot_sent;robot_received;robot_mssg_json;world_nr;tick_nr
-1;;;;;;;;;;;;;;;;;;;;;;;;;1;0
0;;;;;;;;;;;;;;;;;;;;;;;;;1;1
1;;;;;;;;;;;;;;;;;;;;;;;;;1;2
2;;;;;;;;;;;;;;;;;;;;;;;;;1;3
3;;;;;;;;;;;;;;;;;;;;;;;;;1;4
4;;;;;;;;;;;;;;;;;;;;;;;;;1;5
5;;;;;;;;;;;;;;;;;;;;;;;;;1;6
6;;;;;;;;;;;;;;;;;;;;;;;;;1;7
7;;;;;;;;;;;;;;;;;;;;;;;;;1;8
8;;;;;;;;;;;;;;;;;;;;;;;;;1;9
9;;;;;;;;;;;;;;;;;;;;;;;;;1;10
10;;;;;;;;;;;;;;;;;;;;;;;;;1;11
11;;;;;;;;;;;;;;;;;;;;;;;;;1;12
12;;;;;;;;;;;;;;;;;;;;;;;;;1;13
13;;;;;;;;;;;;;;;;;;;;;;;;;1;14
14;;;;;;;;;;;;;;;;;;;;;;;;;1;15
15;;;;;;;;;;;;;;;;;;;;;;;;;1;16
16;;;;;;;;;;;;;;;;;;;;;;;;;1;17
17;;;;;;;;;;;;;;;;;;;;;;;;;1;18
18;;;;;;;;;;;;;;;;;;;;;;;;;1;19
19;['Stand still', ['Left side of field']];;"{""content"": [""Stand still"", [""Left side of field""]], ""from_id"": ""human_selector"", ""to_id"": ""robot"", ""message_id"": ""a479ed5f4a93aef26dec3283fdf1c4b9""}";;['Stand still', ['Left side of field']];;;['Stand still', ['Left side of field']];;;['Stand still', ['Left side of field']];;;['Stand still', ['Left side of field']];;;['Stand still', ['Left side of field']];;;['Stand still', ['Left side of field']];;;['Stand still', ['Left side of field']];;1;20
20;;;;;;;;;;;;;;;;;;;;;;;;;1;21
21;;;;;;;;;;;;;;;;;;;;;;;;;1;22
22;;;;;;;;;;;;;;;;;;;;;;;;;1;23
23;;;;;;;;;;;;;;;;;;;;;;;;;1;24
24;;;;;;;;;;;;;;;;;;;;;;;;;1;25
25;;;;;;;;;;;;;;;;;;;;;;;;;1;26
26;;;;;;;;;;;;;;;;;;;;;;;;;1;27
27;;;;;;;;;;;;;;;;;;;;;;;;;1;28
28;;;;;;;;;;;;;;;;;;;;;;;;;1;29
29;;;;;;;;;;;;;;;;;;;;;;;;;1;30
30;;;;;;;;;;;;;;;;;;;;;;;;;1;31
31;;;;;;;;;;;;;;;;;;;;;;;;;1;32
32;;;;;;;;;;;;;;;;;;;;;;;;;1;33
33;;;;;;;;;;;;;;;;;;;;;;;;;1;34
34;;;;;;;;;;;;;;;;;;;;;;;;;1;35
35;;;;;;;;;;;;;;;;;;;;;;;;;1;36
36;;;;;;;;;;;;;;;;;;;;;;;;;1;37
37;;;;;;;;;;;;;;;;;;;;;;;;;1;38
38;;;;;;;;;;;;;;;;;;;;;;;;;1;39
39;['Stand still', ['Left side of field']];;"{""content"": [""Stand still"", [""Left side of field""]], ""from_id"": ""human_selector"", ""to_id"": ""robot"", ""message_id"": ""f382f10461a04133b4f3b9075d33ac8""}";;['Stand still', ['Left side of field']];;;['Stand still', ['Left side of field']];;;['Stand still', ['Left side of field']];;;['Stand still', ['Left side of field']];;;['Stand still', ['Left side of field']];;;['Stand still', ['Left side of field']];;;['Stand still', ['Left side of field']];;1;40
40;;;;;;;;;;;;;;;;;;;;;;;;;1;41
41;;;;;;;;;;;;;;;;;;;;;;;;;1;42
42;;;;;;;;;;;;;;;;;;;;;;;;;1;43
43;;;;;;;;;;;;;;;;;;;;;;;;;1;44
44;;;;;;;;;;;;;;;;;;;;;;;;;1;45
45;;;;;;;;;;;;;;;;;;;;;;;;;1;46
46;;;;;;;;;;;;;;;;;;;;;;;;;1;47
47;;;;;;;;;;;;;;;;;;;;;;;;;1;48
48;;;;;;;;;;;;;;;;;;;;;;;;;1;49
49;;;;;;;;;;;;;;;;;;;;;;;;;1;50
50;;;;;;;;;;;;;;;;;;;;;;;;;1;51
51;;;;;;;;;;;;;;;;;;;;;;;;;1;52
52;;;;;;;;;;;;;;;;;;;;;;;;;1;53
53;;;;;;;;;;;;;;;;;;;;;;;;;1;54
54;;;;;;;;;;;;;;;;;;;;;;;;;1;55
55;;;;;;;;;;;;;;;;;;;;;;;;;1;56
56;;;;;;;;;;;;;;;;;;;;;;;;;1;57
57;;;;;;;;;;;;;;;;;;;;;;;;;1;58
58;;;;;;;;;;;;;;;;;;;;;;;;;1;59
59;['Stand still', ['Left side of field']];;"{""content"": [""Stand still"", [""Left side of field""]], ""from_id"": ""human_selector"", ""to_id"": ""robot"", ""message_id"": ""99c14f07940fbbdec105d77fe3b7fd7""}";;['Stand still', ['Left side of field']];;;['Stand still', ['Left side of field']];;;['Stand still', ['Left side of field']];;;['Stand still', ['Left side of field']];;;['Stand still', ['Left side of field']];;;['Stand still', ['Left side of field']];;;['Stand still', ['Left side of field']];;1;60
60;;;;;;;;;;;;;;;;;;;;;;;;;1;61
61;;;;;;;;;;;;;;;;;;;;;;;;;1;62
62;;;;;;;;;;;;;;;;;;;;;;;;;1;63
63;;;;;;;;;;;;;;;;;;;;;;;;;1;64
64;;;;;;;;;;;;;;;;;;;;;;;;;1;65
65;;;;;;;;;;;;;;;;;;;;;;;;;1;66
66;;;;;;;;;;;;;;;;;;;;;;;;;1;67
67;;;;;;;;;;;;;;;;;;;;;;;;;1;68
68;;;;;;;;;;;;;;;;;;;;;;;;;1;69
69;;;;;;;;;;;;;;;;;;;;;;;;;1;70
70;;;;;;;;;;;;;;;;;;;;;;;;;1;71
71;;;;;;;;;;;;;;;;;;;;;;;;;1;72
72;;;;;;;;;;;;;;;;;;;;;;;;;1;73
73;;;;;;;;;;;;;;;;;;;;;;;;;1;74
74;;;;;;;;;;;;;;;;;;;;;;;;;1;75
75;;;;;;;;;;;;;;;;;;;;;;;;;1;76
76;;;;;;;;;;;;;;;;;;;;;;;;;1;77
77;;;;;;;;;;;;;;;;;;;;;;;;;1;78
78;;;;;;;;;;;;;;;;;;;;;;;;;1;79
79;['Stand still', ['Left side of field']];;"{""content"": [""Stand still"", [""Left side of field""]], ""from_id"": ""human_selector"", ""to_id"": ""robot"", ""message_id"": ""3994a7c6eadb18caf7b3cc455d67749f""}";;['Stand still', ['Left side of field']];;;['Stand still', ['Left side of field']];;;['Stand still', ['Left side of field']];;;['Stand still', ['Left side of field']];;;['Stand still', ['Left side of field']];;;['Stand still', ['Left side of field']];;;['Stand still', ['Left side of field']];;1;80
80;;;;;;;;;;;;;;;;;;;;;;;;;1;81
81;;;;;;;;;;;;;;;;;;;;;;;;;1;82
82;;;;;;;;;;;;;;;;;;;;;;;;;1;83
83;;;;;;;;;;;;;;;;;;;;;;;;;1;84
84;;;;;;;;;;;;;;;;;;;;;;;;;1;85
85;;;;;;;;;;;;;;;;;;;;;;;;;1;86
86;;;;;;;;;;;;;;;;;;;;;;;;;1;87
87;;;;;;;;;;;;;;;;;;;;;;;;;1;88
88;;;;;;;;;;;;;;;;;;;;;;;;;1;89
89;;;;;;;;;;;;;;;;;;;;;;;;;1;90
90;;;;;;;;;;;;;;;;;;;;;;;;;1;91
91;;;;;;;;;;;;;;;;;;;;;;;;;1;92
92;;;;;;;;;;;;;;;;;;;;;;;;;1;93
93;;;;;;;;;;;;;;;;;;;;;;;;;1;94
94;;;;;;;;;;;;;;;;;;;;;;;;;1;95
95;;;;;;;;;;;;;;;;;;;;;;;;;1;96
96;;;;;;;;;;;;;;;;;;;;;;;;;1;97
97;;;;;;;;;;;;;;;;;;;;;;;;;1;98
98;;;;;;;;;;;;;;;;;;;;;;;;;1;99
99;['Stand still', ['Left side of field']];;"{""content"": [""Stand still"", [""Left side of field""]], ""from_id"": ""human_selector"", ""to_id"": ""robot"", ""message_id"": ""d7b2e314ef3cab7a96a616eb34815871""}";;['Stand still', ['Left side of field']];;;['Stand still', ['Left side of field']];;;['Stand still', ['Left side of field']];;;['Stand still', ['Left side of field']];;;['Stand still', ['Left side of field']];;;['Stand still', ['Left side of field']];;;['Stand still', ['Left side of field']];;1;100
100;;;;;;;;;;;;;;;;;;;;;;;;;1;101
101;;;;;;;;;;;;;;;;;;;;;;;;;1;102
102;;;;;;;;;;;;;;;;;;;;;;;;;1;103
103;;;;;;;;;;;;;;;;;;;;;;;;;1;104
104;;;;;;;;;;;;;;;;;;;;;;;;;1;105
105;;;;;;;;;;;;;;;;;;;;;;;;;1;106
106;;;;;;;;;;;;;;;;;;;;;;;;;1;107
107;;;;;;;;;;;;;;;;;;;;;;;;;1;108
108;;;;;;;;;;;;;;;;;;;;;;;;;1;109
109;;;;;;;;;;;;;;;;;;;;;;;;;1;110
110;;;;;;;;;;;;;;;;;;;;;;;;;1;111
111;;;;;;;;;;;;;;;;;;;;;;;;;1;112
112;;;;;;;;;;;;;;;;;;;;;;;;;1;113
113;;;;;;;;;;;;;;;;;;;;;;;;;1;114
114;;;;;;;;;;;;;;;;;;;;;;;;;1;115
115;;;;;;;;;;;;;;;;;;;;;;;;;1;116
116;;;;;;;;;;;;;;;;;;;;;;;;;1;117
117;;;;;;;;;;;;;;;;;;;;;;;;;1;118
118;;;;;;;;;;;;;;;;;;;;;;;;;1;119
119;['Stand still', ['Left side of field']];;"{""content"": [""Stand still"", [""Left side of field""]], ""from_id"": ""human_selector"", ""to_id"": ""robot"", ""message_id"": ""c644e22aa090a698cf8f6670f3d9d9d2""}";;['Stand still', ['Left side of field']];;;['Stand still', ['Left side of field']];;;['Stand still', ['Left side of field']];;;['Stand still', ['Left side of field']];;;['Stand still', ['Left side of field']];;;['Stand still', ['Left side of field']];;;['Stand still', ['Left side of field']];;1;120
120;;;;;;;;;;;;;;;;;;;;;;;;;1;121
121;;;;;;;;;;;;;;;;;;;;;;;;;1;122
122;;;;;;;;;;;;;;;;;;;;;;;;;1;123
123;;Now executing Move back and forth;;;Now executing Move back and forth;;;Now executing Move back and forth;;;Now executing Move back and forth;;;Now executing Move back and forth;;;Now executing Move back and forth;;;Now executing Move back and forth;;Now executing Move back and forth;;"{""content"": ""Now executing Move back and forth"", ""from_id"": ""robot"", ""to_id"": ""ontologygod"", ""message_id"": ""679b40c3b931f8985087814df3bc539b""}";1;124
124;;;;;;;;;;;;;;;;;;;;;;;;;1;125
125;;;;;;;;;;;;;;;;;;;;;;;;;1;126
126;;;;;;;;;;;;;;;;;;;;;;;;;1;127
127;;;;;;;;;;;;;;;;;;;;;;;;;1;128
128;;;;;;;;;;;;;;;;;;;;;;;;;1;129
129;;;;;;;;;;;;;;;;;;;;;;;;;1;130
130;;;;;;;;;;;;;;;;;;;;;;;;;1;131
131;;;;;;;;;;;;;;;;;;;;;;;;;1;132
132;;;;;;;;;;;;;;;;;;;;;;;;;1;133
133;;;;;;;;;;;;;;;;;;;;;;;;;1;134
134;;;;;;;;;;;;;;;;;;;;;;;;;1;135
135;;;;;;;;;;;;;;;;;;;;;;;;;1;136
136;;;;;;;;;;;;;;;;;;;;;;;;;1;137
137;;;;;;;;;;;;;;;;;;;;;;;;;1;138
138;;;;;;;;;;;;;;;;;;;;;;;;;1;139
139;['Stand still', ['Left side of field']];;"{""content"": [""Stand still"", [""Left side of field""]], ""from_id"": ""human_selector"", ""to_id"": ""robot"", ""message_id"": ""f223f1f45b8b262b833c15df61791c1a""}";;['Stand still', ['Left side of field']];;;['Stand still', ['Left side of field']];;;['Stand still', ['Left side of field']];;;['Stand still', ['Left side of field']];;;['Stand still', ['Left side of field']];;;['Stand still', ['Left side of field']];;;['Stand still', ['Left side of field']];;1;140
140;;;;;;;;;;;;;;;;;;;;;;;;;1;141
141;;;;;;;;;;;;;;;;;;;;;;;;;1;142
142;;;;;;;;;;;;;;;;;;;;;;;;;1;143
143;;;;;;;;;;;;;;;;;;;;;;;;;1;144
144;;;;;;;;;;;;;;;;;;;;;;;;;1;145
145;;;;;;;;;;;;;;;;;;;;;;;;;1;146
146;;;;;;;;;;;;;;;;;;;;;;;;;1;147
147;;;;;;;;;;;;;;;;;;;;;;;;;1;148
148;;;;;;;;;;;;;;;;;;;;;;;;;1;149
149;;;;;;;;;;;;;;;;;;;;;;;;;1;150
150;;;;;;;;;;;;;;;;;;;;;;;;;1;151
151;;;;;;;;;;;;;;;;;;;;;;;;;1;152
152;;;;;;;;;;;;;;;;;;;;;;;;;1;153
153;;;;;;;;;;;;;;;;;;;;;;;;;1;154
154;;;;;;;;;;;;;;;;;;;;;;;;;1;155
155;;;;;;;;;;;;;;;;;;;;;;;;;1;156
156;;;;;;;;;;;;;;;;;;;;;;;;;1;157
157;;;;;;;;;;;;;;;;;;;;;;;;;1;158
158;;;;;;;;;;;;;;;;;;;;;;;;;1;159
159;['Stand still', ['Left side of field']];;"{""content"": [""Stand still"", [""Left side of field""]], ""from_id"": ""human_selector"", ""to_id"": ""robot"", ""message_id"": ""bbe6275f0c5dc396e0ea7151506c8104""}";;['Stand still', ['Left side of field']];;;['Stand still', ['Left side of field']];;;['Stand still', ['Left side of field']];;;['Stand still', ['Left side of field']];;;['Stand still', ['Left side of field']];;;['Stand still', ['Left side of field']];;;['Stand still', ['Left side of field']];;1;160
160;;;;;;;;;;;;;;;;;;;;;;;;;1;161
161;;;;;;;;;;;;;;;;;;;;;;;;;1;162
162;;;;;;;;;;;;;;;;;;;;;;;;;1;163
163;;;;;;;;;;;;;;;;;;;;;;;;;1;164
164;;;;;;;;;;;;;;;;;;;;;;;;;1;165
165;;;;;;;;;;;;;;;;;;;;;;;;;1;166
166;;;;;;;;;;;;;;;;;;;;;;;;;1;167
167;;;;;;;;;;;;;;;;;;;;;;;;;1;168
168;;;;;;;;;;;;;;;;;;;;;;;;;1;169
169;;;;;;;;;;;;;;;;;;;;;;;;;1;170
170;;;;;;;;;;;;;;;;;;;;;;;;;1;171
171;;;;;;;;;;;;;;;;;;;;;;;;;1;172
172;;;;;;;;;;;;;;;;;;;;;;;;;1;173
173;;;;;;;;;;;;;;;;;;;;;;;;;1;174
174;;;;;;;;;;;;;;;;;;;;;;;;;1;175
175;;;;;;;;;;;;;;;;;;;;;;;;;1;176
176;;;;;;;;;;;;;;;;;;;;;;;;;1;177
177;;;;;;;;;;;;;;;;;;;;;;;;;1;178
178;;;;;;;;;;;;;;;;;;;;;;;;;1;179
179;['Stand still', ['Left side of field']];Now executing Stand Still;"{""content"": [""Stand still"", [""Left side of field""]], ""from_id"": ""human_selector"", ""to_id"": ""robot"", ""message_id"": ""229ba3fd8b52f6a42cbc560d5284ecd7""}";;Now executing Stand Still;;;Now executing Stand Still;;;Now executing Stand Still;;;Now executing Stand Still;;;Now executing Stand Still;;;Now executing Stand Still;;Now executing Stand Still;['Stand still', ['Left side of field']];"{""content"": ""Now executing Stand Still"", ""from_id"": ""robot"", ""to_id"": ""ontologygod"", ""message_id"": ""83c7ff0b4189278e8b48dd3dd5817056""}";1;180
180;;;;;;;;;;;;;;;;;;;;;;;;;1;181
181;;;;;;;;;;;;;;;;;;;;;;;;;1;182
182;;;;;;;;;;;;;;;;;;;;;;;;;1;183
183;;;;;;;;;;;;;;;;;;;;;;;;;1;184
184;;;;;;;;;;;;;;;;;;;;;;;;;1;185
185;;;;;;;;;;;;;;;;;;;;;;;;;1;186
186;;;;;;;;;;;;;;;;;;;;;;;;;1;187
187;;;;;;;;;;;;;;;;;;;;;;;;;1;188
188;;;;;;;;;;;;;;;;;;;;;;;;;1;189
189;;;;;;;;;;;;;;;;;;;;;;;;;1;190
190;;;;;;;;;;;;;;;;;;;;;;;;;1;191
191;;;;;;;;;;;;;;;;;;;;;;;;;1;192
192;;;;;;;;;;;;;;;;;;;;;;;;;1;193
193;;;;;;;;;;;;;;;;;;;;;;;;;1;194
194;;;;;;;;;;;;;;;;;;;;;;;;;1;195
195;;;;;;;;;;;;;;;;;;;;;;;;;1;196
196;;;;;;;;;;;;;;;;;;;;;;;;;1;197
197;;;;;;;;;;;;;;;;;;;;;;;;;1;198
198;;;;;;;;;;;;;;;;;;;;;;;;;1;199
199;['Stand still', ['Left side of field']];;"{""content"": [""Stand still"", [""Left side of field""]], ""from_id"": ""human_selector"", ""to_id"": ""robot"", ""message_id"": ""c062b9713e5448a4402d5a731de9eb87""}";;['Stand still', ['Left side of field']];;;['Stand still', ['Left side of field']];;;['Stand still', ['Left side of field']];;;['Stand still', ['Left side of field']];;;['Stand still', ['Left side of field']];;;['Stand still', ['Left side of field']];;;['Stand still', ['Left side of field']];;1;200
200;;;;;;;;;;;;;;;;;;;;;;;;;1;201
201;;;;;;;;;;;;;;;;;;;;;;;;;1;202
202;;;;;;;;;;;;;;;;;;;;;;;;;1;203
203;;;;;;;;;;;;;;;;;;;;;;;;;1;204
204;;;;;;;;;;;;;;;;;;;;;;;;;1;205
205;;;;;;;;;;;;;;;;;;;;;;;;;1;206
206;;;;;;;;;;;;;;;;;;;;;;;;;1;207
207;;;;;;;;;;;;;;;;;;;;;;;;;1;208
208;;;;;;;;;;;;;;;;;;;;;;;;;1;209
209;;;;;;;;;;;;;;;;;;;;;;;;;1;210
210;;;;;;;;;;;;;;;;;;;;;;;;;1;211
211;;;;;;;;;;;;;;;;;;;;;;;;;1;212
212;;;;;;;;;;;;;;;;;;;;;;;;;1;213
213;;;;;;;;;;;;;;;;;;;;;;;;;1;214
214;;;;;;;;;;;;;;;;;;;;;;;;;1;215
215;;;;;;;;;;;;;;;;;;;;;;;;;1;216
216;;;;;;;;;;;;;;;;;;;;;;;;;1;217
217;;;;;;;;;;;;;;;;;;;;;;;;;1;218
218;;;;;;;;;;;;;;;;;;;;;;;;;1;219
219;['Stand still', ['Left side of field']];;"{""content"": [""Stand still"", [""Left side of field""]], ""from_id"": ""human_selector"", ""to_id"": ""robot"", ""message_id"": ""8fdd468a64fe683efe204ada78ba6074""}";;['Stand still', ['Left side of field']];;;['Stand still', ['Left side of field']];;;['Stand still', ['Left side of field']];;;['Stand still', ['Left side of field']];;;['Stand still', ['Left side of field']];;;['Stand still', ['Left side of field']];;;['Stand still', ['Left side of field']];;1;220
220;;;;;;;;;;;;;;;;;;;;;;;;;1;221
221;;;;;;;;;;;;;;;;;;;;;;;;;1;222
222;;;;;;;;;;;;;;;;;;;;;;;;;1;223
223;;;;;;;;;;;;;;;;;;;;;;;;;1;224
224;;;;;;;;;;;;;;;;;;;;;;;;;1;225
225;;;;;;;;;;;;;;;;;;;;;;;;;1;226
226;;;;;;;;;;;;;;;;;;;;;;;;;1;227
227;;;;;;;;;;;;;;;;;;;;;;;;;1;228
228;;;;;;;;;;;;;;;;;;;;;;;;;1;229
229;;;;;;;;;;;;;;;;;;;;;;;;;1;230
230;;;;;;;;;;;;;;;;;;;;;;;;;1;231
231;;;;;;;;;;;;;;;;;;;;;;;;;1;232
232;;;;;;;;;;;;;;;;;;;;;;;;;1;233
233;;;;;;;;;;;;;;;;;;;;;;;;;1;234
234;;;;;;;;;;;;;;;;;;;;;;;;;1;235
235;;;;;;;;;;;;;;;;;;;;;;;;;1;236
236;;;;;;;;;;;;;;;;;;;;;;;;;1;237
237;;;;;;;;;;;;;;;;;;;;;;;;;1;238
238;;;;;;;;;;;;;;;;;;;;;;;;;1;239
239;['Stand still', ['Left side of field']];;"{""content"": [""Stand still"", [""Left side of field""]], ""from_id"": ""human_selector"", ""to_id"": ""robot"", ""message_id"": ""72ba73e026cf6f716e0072e39bac91d3""}";;['Stand still', ['Left side of field']];;;['Stand still', ['Left side of field']];;;['Stand still', ['Left side of field']];;;['Stand still', ['Left side of field']];;;['Stand still', ['Left side of field']];;;['Stand still', ['Left side of field']];;;['Stand still', ['Left side of field']];;1;240
240;;;;;;;;;;;;;;;;;;;;;;;;;1;241
241;;;;;;;;;;;;;;;;;;;;;;;;;1;242
242;;;;;;;;;;;;;;;;;;;;;;;;;1;243
243;;;;;;;;;;;;;;;;;;;;;;;;;1;244
244;;;;;;;;;;;;;;;;;;;;;;;;;1;245
245;;;;;;;;;;;;;;;;;;;;;;;;;1;246
246;;;;;;;;;;;;;;;;;;;;;;;;;1;247
247;;;;;;;;;;;;;;;;;;;;;;;;;1;248
248;;;;;;;;;;;;;;;;;;;;;;;;;1;249
249;;;;;;;;;;;;;;;;;;;;;;;;;1;250
250;;;;;;;;;;;;;;;;;;;;;;;;;1;251
251;;;;;;;;;;;;;;;;;;;;;;;;;1;252
252;;;;;;;;;;;;;;;;;;;;;;;;;1;253
253;;;;;;;;;;;;;;;;;;;;;;;;;1;254
254;;;;;;;;;;;;;;;;;;;;;;;;;1;255
255;;;;;;;;;;;;;;;;;;;;;;;;;1;256
256;;;;;;;;;;;;;;;;;;;;;;;;;1;257
257;;;;;;;;;;;;;;;;;;;;;;;;;1;258
258;;;;;;;;;;;;;;;;;;;;;;;;;1;259
259;['Stand still', ['Left side of field']];;"{""content"": [""Stand still"", [""Left side of field""]], ""from_id"": ""human_selector"", ""to_id"": ""robot"", ""message_id"": ""cfaa32cb987c1fe2022ccec0aaa790f9""}";;['Stand still', ['Left side of field']];;;['Stand still', ['Left side of field']];;;['Stand still', ['Left side of field']];;;['Stand still', ['Left side of field']];;;['Stand still', ['Left side of field']];;;['Stand still', ['Left side of field']];;;['Stand still', ['Left side of field']];;1;260
260;;;;;;;;;;;;;;;;;;;;;;;;;1;261
261;;;;;;;;;;;;;;;;;;;;;;;;;1;262
262;;;;;;;;;;;;;;;;;;;;;;;;;1;263
263;;;;;;;;;;;;;;;;;;;;;;;;;1;264
264;;;;;;;;;;;;;;;;;;;;;;;;;1;265
265;;;;;;;;;;;;;;;;;;;;;;;;;1;266
266;;;;;;;;;;;;;;;;;;;;;;;;;1;267
267;;;;;;;;;;;;;;;;;;;;;;;;;1;268
268;;;;;;;;;;;;;;;;;;;;;;;;;1;269
269;;;;;;;;;;;;;;;;;;;;;;;;;1;270
270;;;;;;;;;;;;;;;;;;;;;;;;;1;271
271;;;;;;;;;;;;;;;;;;;;;;;;;1;272
272;;;;;;;;;;;;;;;;;;;;;;;;;1;273
273;;;;;;;;;;;;;;;;;;;;;;;;;1;274
274;;;;;;;;;;;;;;;;;;;;;;;;;1;275
275;;;;;;;;;;;;;;;;;;;;;;;;;1;276
276;;;;;;;;;;;;;;;;;;;;;;;;;1;277
277;;;;;;;;;;;;;;;;;;;;;;;;;1;278
278;;;;;;;;;;;;;;;;;;;;;;;;;1;279
279;['Stand still', ['Left side of field']];;"{""content"": [""Stand still"", [""Left side of field""]], ""from_id"": ""human_selector"", ""to_id"": ""robot"", ""message_id"": ""2615a79074cae11a5aeea22d2ac00892""}";;['Stand still', ['Left side of field']];;;['Stand still', ['Left side of field']];;;['Stand still', ['Left side of field']];;;['Stand still', ['Left side of field']];;;['Stand still', ['Left side of field']];;;['Stand still', ['Left side of field']];;;['Stand still', ['Left side of field']];;1;280
280;;;;;;;;;;;;;;;;;;;;;;;;;1;281
281;;;;;;;;;;;;;;;;;;;;;;;;;1;282
282;;;;;;;;;;;;;;;;;;;;;;;;;1;283
283;;;;;;;;;;;;;;;;;;;;;;;;;1;284
284;;;;;;;;;;;;;;;;;;;;;;;;;1;285
285;;;;;;;;;;;;;;;;;;;;;;;;;1;286
286;;;;;;;;;;;;;;;;;;;;;;;;;1;287
287;;;;;;;;;;;;;;;;;;;;;;;;;1;288
288;;;;;;;;;;;;;;;;;;;;;;;;;1;289
289;;;;;;;;;;;;;;;;;;;;;;;;;1;290
290;;;;;;;;;;;;;;;;;;;;;;;;;1;291
291;;;;;;;;;;;;;;;;;;;;;;;;;1;292
292;;;;;;;;;;;;;;;;;;;;;;;;;1;293
293;;;;;;;;;;;;;;;;;;;;;;;;;1;294
294;;;;;;;;;;;;;;;;;;;;;;;;;1;295
295;;;;;;;;;;;;;;;;;;;;;;;;;1;296
296;;;;;;;;;;;;;;;;;;;;;;;;;1;297
297;;;;;;;;;;;;;;;;;;;;;;;;;1;298
298;;;;;;;;;;;;;;;;;;;;;;;;;1;299
299;['Stand still', ['Left side of field']];;"{""content"": [""Stand still"", [""Left side of field""]], ""from_id"": ""human_selector"", ""to_id"": ""robot"", ""message_id"": ""b6d7b9c13c6c0c5be4af9912d508f92d""}";;['Stand still', ['Left side of field']];;;['Stand still', ['Left side of field']];;;['Stand still', ['Left side of field']];;;['Stand still', ['Left side of field']];;;['Stand still', ['Left side of field']];;;['Stand still', ['Left side of field']];;;['Stand still', ['Left side of field']];;1;300
300;;;;;;;;;;;;;;;;;;;;;;;;;1;301
301;;;;;;;;;;;;;;;;;;;;;;;;;1;302
302;;;;;;;;;;;;;;;;;;;;;;;;;1;303
303;;;;;;;;;;;;;;;;;;;;;;;;;1;304
304;;;;;;;;;;;;;;;;;;;;;;;;;1;305
305;;;;;;;;;;;;;;;;;;;;;;;;;1;306
306;;;;;;;;;;;;;;;;;;;;;;;;;1;307
307;;;;;;;;;;;;;;;;;;;;;;;;;1;308
308;;;;;;;;;;;;;;;;;;;;;;;;;1;309
309;;;;;;;;;;;;;;;;;;;;;;;;;1;310
310;;;;;;;;;;;;;;;;;;;;;;;;;1;311
311;;;;;;;;;;;;;;;;;;;;;;;;;1;312
312;;Now executing Move back and forth;;;Now executing Move back and forth;;;Now executing Move back and forth;;;Now executing Move back and forth;;;Now executing Move back and forth;;;Now executing Move back and forth;;;Now executing Move back and forth;;Now executing Move back and forth;;"{""content"": ""Now executing Move back and forth"", ""from_id"": ""robot"", ""to_id"": ""ontologygod"", ""message_id"": ""2d77bdef31a06babcb811d3cfb0eea98""}";1;313
313;;;;;;;;;;;;;;;;;;;;;;;;;1;314
314;;;;;;;;;;;;;;;;;;;;;;;;;1;315
315;;;;;;;;;;;;;;;;;;;;;;;;;1;316
316;;;;;;;;;;;;;;;;;;;;;;;;;1;317
317;;;;;;;;;;;;;;;;;;;;;;;;;1;318
318;;;;;;;;;;;;;;;;;;;;;;;;;1;319
319;['Stand still', ['Left side of field']];;"{""content"": [""Stand still"", [""Left side of field""]], ""from_id"": ""human_selector"", ""to_id"": ""robot"", ""message_id"": ""ff6b8f19ee0a095b9ecefaa9c9ac2f44""}";;['Stand still', ['Left side of field']];;;['Stand still', ['Left side of field']];;;['Stand still', ['Left side of field']];;;['Stand still', ['Left side of field']];;;['Stand still', ['Left side of field']];;;['Stand still', ['Left side of field']];;;['Stand still', ['Left side of field']];;1;320
320;;;;;;;;;;;;;;;;;;;;;;;;;1;321
321;;;;;;;;;;;;;;;;;;;;;;;;;1;322
322;;;;;;;;;;;;;;;;;;;;;;;;;1;323
323;;;;;;;;;;;;;;;;;;;;;;;;;1;324
324;;;;;;;;;;;;;;;;;;;;;;;;;1;325
325;;;;;;;;;;;;;;;;;;;;;;;;;1;326
326;;;;;;;;;;;;;;;;;;;;;;;;;1;327
327;;;;;;;;;;;;;;;;;;;;;;;;;1;328
328;;;;;;;;;;;;;;;;;;;;;;;;;1;329
329;;;;;;;;;;;;;;;;;;;;;;;;;1;330
330;;;;;;;;;;;;;;;;;;;;;;;;;1;331
331;;;;;;;;;;;;;;;;;;;;;;;;;1;332
332;;;;;;;;;;;;;;;;;;;;;;;;;1;333
333;;;;;;;;;;;;;;;;;;;;;;;;;1;334
334;;;;;;;;;;;;;;;;;;;;;;;;;1;335
335;;;;;;;;;;;;;;;;;;;;;;;;;1;336
336;;;;;;;;;;;;;;;;;;;;;;;;;1;337
337;;;;;;;;;;;;;;;;;;;;;;;;;1;338
338;;;;;;;;;;;;;;;;;;;;;;;;;1;339
339;['Stand still', ['Left side of field']];;"{""content"": [""Stand still"", [""Left side of field""]], ""from_id"": ""human_selector"", ""to_id"": ""robot"", ""message_id"": ""16058560a0ec03c4962a4cf04ec3737c""}";;['Stand still', ['Left side of field']];;;['Stand still', ['Left side of field']];;;['Stand still', ['Left side of field']];;;['Stand still', ['Left side of field']];;;['Stand still', ['Left side of field']];;;['Stand still', ['Left side of field']];;;['Stand still', ['Left side of field']];;1;340
340;;;;;;;;;;;;;;;;;;;;;;;;;1;341
341;;;;;;;;;;;;;;;;;;;;;;;;;1;342
342;;;;;;;;;;;;;;;;;;;;;;;;;1;343
343;;;;;;;;;;;;;;;;;;;;;;;;;1;344
344;;;;;;;;;;;;;;;;;;;;;;;;;1;345
345;;;;;;;;;;;;;;;;;;;;;;;;;1;346
346;;Now executing Pick up;;;Now executing Pick up;;;Now executing Pick up;;;Now executing Pick up;;;Now executing Pick up;;;Now executing Pick up;;;Now executing Pick up;;Now executing Pick up;;"{""content"": ""Now executing Pick up"", ""from_id"": ""robot"", ""to_id"": ""ontologygod"", ""message_id"": ""14e1613386ded7bd0ccf1d6927ed2f87""}";1;347
347;;;;;;;;;;;;;;;;;;;;;;;;;1;348
348;;;;;;;;;;;;;;;;;;;;;;;;;1;349
349;;;;;;;;;;;;;;;;;;;;;;;;;1;350
350;;;;;;;;;;;;;;;;;;;;;;;;;1;351
351;;;;;;;;;;;;;;;;;;;;;;;;;1;352
352;;;;;;;;;;;;;;;;;;;;;;;;;1;353
353;;;;;;;;;;;;;;;;;;;;;;;;;1;354
354;;;;;;;;;;;;;;;;;;;;;;;;;1;355
355;;;;;;;;;;;;;;;;;;;;;;;;;1;356
356;;;;;;;;;;;;;;;;;;;;;;;;;1;357
357;;;;;;;;;;;;;;;;;;;;;;;;;1;358
358;;;;;;;;;;;;;;;;;;;;;;;;;1;359
359;['Stand still', ['Left side of field']];;"{""content"": [""Stand still"", [""Left side of field""]], ""from_id"": ""human_selector"", ""to_id"": ""robot"", ""message_id"": ""d908f48b13ec1d858b97802ba30a4679""}";;['Stand still', ['Left side of field']];;;['Stand still', ['Left side of field']];;;['Stand still', ['Left side of field']];;;['Stand still', ['Left side of field']];;;['Stand still', ['Left side of field']];;;['Stand still', ['Left side of field']];;;['Stand still', ['Left side of field']];;1;360
360;;;;;;;;;;;;;;;;;;;;;;;;;1;361
361;;;;;;;;;;;;;;;;;;;;;;;;;1;362
362;;;;;;;;;;;;;;;;;;;;;;;;;1;363
363;;;;;;;;;;;;;;;;;;;;;;;;;1;364
364;;;;;;;;;;;;;;;;;;;;;;;;;1;365
365;;;;;;;;;;;;;;;;;;;;;;;;;1;366
366;;;;;;;;;;;;;;;;;;;;;;;;;1;367
367;;;;;;;;;;;;;;;;;;;;;;;;;1;368
368;;;;;;;;;;;;;;;;;;;;;;;;;1;369
369;;;;;;;;;;;;;;;;;;;;;;;;;1;370
370;;;;;;;;;;;;;;;;;;;;;;;;;1;371
371;;;;;;;;;;;;;;;;;;;;;;;;;1;372
372;;;;;;;;;;;;;;;;;;;;;;;;;1;373
373;;;;;;;;;;;;;;;;;;;;;;;;;1;374
374;;;;;;;;;;;;;;;;;;;;;;;;;1;375
375;;;;;;;;;;;;;;;;;;;;;;;;;1;376
376;;;;;;;;;;;;;;;;;;;;;;;;;1;377
377;;;;;;;;;;;;;;;;;;;;;;;;;1;378
378;;;;;;;;;;;;;;;;;;;;;;;;;1;379
379;['Stand still', ['Left side of field']];;"{""content"": [""Stand still"", [""Left side of field""]], ""from_id"": ""human_selector"", ""to_id"": ""robot"", ""message_id"": ""209414c17a97d8b983a73e7bde2878d6""}";;['Stand still', ['Left side of field']];;;['Stand still', ['Left side of field']];;;['Stand still', ['Left side of field']];;;['Stand still', ['Left side of field']];;;['Stand still', ['Left side of field']];;;['Stand still', ['Left side of field']];;;['Stand still', ['Left side of field']];;1;380
380;;;;;;;;;;;;;;;;;;;;;;;;;1;381
381;;;;;;;;;;;;;;;;;;;;;;;;;1;382
382;;;;;;;;;;;;;;;;;;;;;;;;;1;383
383;;;;;;;;;;;;;;;;;;;;;;;;;1;384
384;;;;;;;;;;;;;;;;;;;;;;;;;1;385
385;;;;;;;;;;;;;;;;;;;;;;;;;1;386
386;;;;;;;;;;;;;;;;;;;;;;;;;1;387
387;;;;;;;;;;;;;;;;;;;;;;;;;1;388
388;;;;;;;;;;;;;;;;;;;;;;;;;1;389
389;;;;;;;;;;;;;;;;;;;;;;;;;1;390
390;;;;;;;;;;;;;;;;;;;;;;;;;1;391
391;;;;;;;;;;;;;;;;;;;;;;;;;1;392
392;;;;;;;;;;;;;;;;;;;;;;;;;1;393
393;;;;;;;;;;;;;;;;;;;;;;;;;1;394
394;;;;;;;;;;;;;;;;;;;;;;;;;1;395
395;;;;;;;;;;;;;;;;;;;;;;;;;1;396
396;;;;;;;;;;;;;;;;;;;;;;;;;1;397
397;;;;;;;;;;;;;;;;;;;;;;;;;1;398
398;;;;;;;;;;;;;;;;;;;;;;;;;1;399
399;['Stand still', ['Left side of field']];;"{""content"": [""Stand still"", [""Left side of field""]], ""from_id"": ""human_selector"", ""to_id"": ""robot"", ""message_id"": ""90e04acad1a9e2963aee1ea9d07075bc""}";;['Stand still', ['Left side of field']];;;['Stand still', ['Left side of field']];;;['Stand still', ['Left side of field']];;;['Stand still', ['Left side of field']];;;['Stand still', ['Left side of field']];;;['Stand still', ['Left side of field']];;;['Stand still', ['Left side of field']];;1;400
400;;;;;;;;;;;;;;;;;;;;;;;;;1;401
401;;;;;;;;;;;;;;;;;;;;;;;;;1;402
402;;;;;;;;;;;;;;;;;;;;;;;;;1;403
403;;;;;;;;;;;;;;;;;;;;;;;;;1;404
404;;;;;;;;;;;;;;;;;;;;;;;;;1;405
405;;;;;;;;;;;;;;;;;;;;;;;;;1;406
406;;;;;;;;;;;;;;;;;;;;;;;;;1;407
407;;;;;;;;;;;;;;;;;;;;;;;;;1;408
408;;;;;;;;;;;;;;;;;;;;;;;;;1;409
409;;;;;;;;;;;;;;;;;;;;;;;;;1;410
410;;;;;;;;;;;;;;;;;;;;;;;;;1;411
411;;;;;;;;;;;;;;;;;;;;;;;;;1;412
412;;;;;;;;;;;;;;;;;;;;;;;;;1;413
413;;Now executing Drop;;;Now executing Drop;;;Now executing Drop;;;Now executing Drop;;;Now executing Drop;;;Now executing Drop;;;Now executing Drop;;Now executing Drop;;"{""content"": ""Now executing Drop"", ""from_id"": ""robot"", ""to_id"": ""ontologygod"", ""message_id"": ""235c7c3c1940671944992e3a89d27c29""}";1;414
414;;;;;;;;;;;;;;;;;;;;;;;;;1;415
415;;;;;;;;;;;;;;;;;;;;;;;;;1;416
416;;;;;;;;;;;;;;;;;;;;;;;;;1;417
417;;;;;;;;;;;;;;;;;;;;;;;;;1;418
418;;;;;;;;;;;;;;;;;;;;;;;;;1;419
419;['Stand still', ['Left side of field']];;"{""content"": [""Stand still"", [""Left side of field""]], ""from_id"": ""human_selector"", ""to_id"": ""robot"", ""message_id"": ""7dc2f4fdaefd955450721f3df37c79db""}";;['Stand still', ['Left side of field']];;;['Stand still', ['Left side of field']];;;['Stand still', ['Left side of field']];;;['Stand still', ['Left side of field']];;;['Stand still', ['Left side of field']];;;['Stand still', ['Left side of field']];;;['Stand still', ['Left side of field']];;1;420
420;;;;;;;;;;;;;;;;;;;;;;;;;1;421
421;;;;;;;;;;;;;;;;;;;;;;;;;1;422
422;;;;;;;;;;;;;;;;;;;;;;;;;1;423
423;;;;;;;;;;;;;;;;;;;;;;;;;1;424
424;;;;;;;;;;;;;;;;;;;;;;;;;1;425
425;;;;;;;;;;;;;;;;;;;;;;;;;1;426
426;;;;;;;;;;;;;;;;;;;;;;;;;1;427
427;;;;;;;;;;;;;;;;;;;;;;;;;1;428
428;;;;;;;;;;;;;;;;;;;;;;;;;1;429
429;;;;;;;;;;;;;;;;;;;;;;;;;1;430
430;;;;;;;;;;;;;;;;;;;;;;;;;1;431
431;;;;;;;;;;;;;;;;;;;;;;;;;1;432
432;;;;;;;;;;;;;;;;;;;;;;;;;1;433
433;;;;;;;;;;;;;;;;;;;;;;;;;1;434
434;;;;;;;;;;;;;;;;;;;;;;;;;1;435
435;;;;;;;;;;;;;;;;;;;;;;;;;1;436
436;;;;;;;;;;;;;;;;;;;;;;;;;1;437
437;;;;;;;;;;;;;;;;;;;;;;;;;1;438
438;;;;;;;;;;;;;;;;;;;;;;;;;1;439
439;['Stand still', ['Left side of field']];;"{""content"": [""Stand still"", [""Left side of field""]], ""from_id"": ""human_selector"", ""to_id"": ""robot"", ""message_id"": ""e8d8e8e7fc794448921b69f33b9bb754""}";;['Stand still', ['Left side of field']];;;['Stand still', ['Left side of field']];;;['Stand still', ['Left side of field']];;;['Stand still', ['Left side of field']];;;['Stand still', ['Left side of field']];;;['Stand still', ['Left side of field']];;;['Stand still', ['Left side of field']];;1;440
440;;;;;;;;;;;;;;;;;;;;;;;;;1;441
441;;;;;;;;;;;;;;;;;;;;;;;;;1;442
442;;;;;;;;;;;;;;;;;;;;;;;;;1;443
443;;;;;;;;;;;;;;;;;;;;;;;;;1;444
444;;;;;;;;;;;;;;;;;;;;;;;;;1;445
445;;;;;;;;;;;;;;;;;;;;;;;;;1;446
446;;;;;;;;;;;;;;;;;;;;;;;;;1;447
447;;;;;;;;;;;;;;;;;;;;;;;;;1;448
448;;;;;;;;;;;;;;;;;;;;;;;;;1;449
449;;;;;;;;;;;;;;;;;;;;;;;;;1;450
450;;;;;;;;;;;;;;;;;;;;;;;;;1;451
451;;;;;;;;;;;;;;;;;;;;;;;;;1;452
452;;;;;;;;;;;;;;;;;;;;;;;;;1;453
453;;;;;;;;;;;;;;;;;;;;;;;;;1;454
454;;;;;;;;;;;;;;;;;;;;;;;;;1;455
455;;;;;;;;;;;;;;;;;;;;;;;;;1;456
456;;;;;;;;;;;;;;;;;;;;;;;;;1;457
457;;;;;;;;;;;;;;;;;;;;;;;;;1;458
458;;;;;;;;;;;;;;;;;;;;;;;;;1;459
459;['Stand still', ['Left side of field']];;"{""content"": [""Stand still"", [""Left side of field""]], ""from_id"": ""human_selector"", ""to_id"": ""robot"", ""message_id"": ""43af3288092543a38071d49b1d80486a""}";;['Stand still', ['Left side of field']];;;['Stand still', ['Left side of field']];;;['Stand still', ['Left side of field']];;;['Stand still', ['Left side of field']];;;['Stand still', ['Left side of field']];;;['Stand still', ['Left side of field']];;;['Stand still', ['Left side of field']];;1;460
460;;;;;;;;;;;;;;;;;;;;;;;;;1;461
461;;;;;;;;;;;;;;;;;;;;;;;;;1;462
462;;;;;;;;;;;;;;;;;;;;;;;;;1;463
463;;;;;;;;;;;;;;;;;;;;;;;;;1;464
464;;;;;;;;;;;;;;;;;;;;;;;;;1;465
465;;;;;;;;;;;;;;;;;;;;;;;;;1;466
466;;;;;;;;;;;;;;;;;;;;;;;;;1;467
467;;;;;;;;;;;;;;;;;;;;;;;;;1;468
468;;;;;;;;;;;;;;;;;;;;;;;;;1;469
469;;;;;;;;;;;;;;;;;;;;;;;;;1;470
470;;;;;;;;;;;;;;;;;;;;;;;;;1;471
471;;;;;;;;;;;;;;;;;;;;;;;;;1;472
472;;;;;;;;;;;;;;;;;;;;;;;;;1;473
473;;;;;;;;;;;;;;;;;;;;;;;;;1;474
474;;;;;;;;;;;;;;;;;;;;;;;;;1;475
475;;;;;;;;;;;;;;;;;;;;;;;;;1;476
476;;;;;;;;;;;;;;;;;;;;;;;;;1;477
477;;;;;;;;;;;;;;;;;;;;;;;;;1;478
478;;;;;;;;;;;;;;;;;;;;;;;;;1;479
479;['Stand still', ['Left side of field']];;"{""content"": [""Stand still"", [""Left side of field""]], ""from_id"": ""human_selector"", ""to_id"": ""robot"", ""message_id"": ""73180a8ba17e08358fce9837923a44d0""}";;['Stand still', ['Left side of field']];;;['Stand still', ['Left side of field']];;;['Stand still', ['Left side of field']];;;['Stand still', ['Left side of field']];;;['Stand still', ['Left side of field']];;;['Stand still', ['Left side of field']];;;['Stand still', ['Left side of field']];;1;480
480;;;;;;;;;;;;;;;;;;;;;;;;;1;481
481;;;;;;;;;;;;;;;;;;;;;;;;;1;482
482;;;;;;;;;;;;;;;;;;;;;;;;;1;483
483;;;;;;;;;;;;;;;;;;;;;;;;;1;484
484;;;;;;;;;;;;;;;;;;;;;;;;;1;485
485;;;;;;;;;;;;;;;;;;;;;;;;;1;486
486;;;;;;;;;;;;;;;;;;;;;;;;;1;487
487;;;;;;;;;;;;;;;;;;;;;;;;;1;488
488;;;;;;;;;;;;;;;;;;;;;;;;;1;489
489;;;;;;;;;;;;;;;;;;;;;;;;;1;490
490;;;;;;;;;;;;;;;;;;;;;;;;;1;491
491;;;;;;;;;;;;;;;;;;;;;;;;;1;492
492;;;;;;;;;;;;;;;;;;;;;;;;;1;493
493;;;;;;;;;;;;;;;;;;;;;;;;;1;494
494;;;;;;;;;;;;;;;;;;;;;;;;;1;495
495;;;;;;;;;;;;;;;;;;;;;;;;;1;496
496;;;;;;;;;;;;;;;;;;;;;;;;;1;497
497;;;;;;;;;;;;;;;;;;;;;;;;;1;498
498;;;;;;;;;;;;;;;;;;;;;;;;;1;499
499;['Stand still', ['Left side of field']];;"{""content"": [""Stand still"", [""Left side of field""]], ""from_id"": ""human_selector"", ""to_id"": ""robot"", ""message_id"": ""7fa7247c5f49ccac0030506f5346202b""}";;['Stand still', ['Left side of field']];;;['Stand still', ['Left side of field']];;;['Stand still', ['Left side of field']];;;['Stand still', ['Left side of field']];;;['Stand still', ['Left side of field']];;;['Stand still', ['Left side of field']];;;['Stand still', ['Left side of field']];;1;500
500;;;;;;;;;;;;;;;;;;;;;;;;;1;501
501;;;;;;;;;;;;;;;;;;;;;;;;;1;502
502;;;;;;;;;;;;;;;;;;;;;;;;;1;503
503;;;;;;;;;;;;;;;;;;;;;;;;;1;504
504;;;;;;;;;;;;;;;;;;;;;;;;;1;505
505;;;;;;;;;;;;;;;;;;;;;;;;;1;506
506;;;;;;;;;;;;;;;;;;;;;;;;;1;507
507;;;;;;;;;;;;;;;;;;;;;;;;;1;508
508;;;;;;;;;;;;;;;;;;;;;;;;;1;509
509;;;;;;;;;;;;;;;;;;;;;;;;;1;510
510;;;;;;;;;;;;;;;;;;;;;;;;;1;511
511;;;;;;;;;;;;;;;;;;;;;;;;;1;512
512;;;;;;;;;;;;;;;;;;;;;;;;;1;513
513;;;;;;;;;;;;;;;;;;;;;;;;;1;514
514;;;;;;;;;;;;;;;;;;;;;;;;;1;515
515;;;;;;;;;;;;;;;;;;;;;;;;;1;516
516;;;;;;;;;;;;;;;;;;;;;;;;;1;517
517;;;;;;;;;;;;;;;;;;;;;;;;;1;518
518;;;;;;;;;;;;;;;;;;;;;;;;;1;519
519;['Stand still', ['Left side of field']];;"{""content"": [""Stand still"", [""Left side of field""]], ""from_id"": ""human_selector"", ""to_id"": ""robot"", ""message_id"": ""f7a437da64b62c7990e3b7b942a056a4""}";;['Stand still', ['Left side of field']];;;['Stand still', ['Left side of field']];;;['Stand still', ['Left side of field']];;;['Stand still', ['Left side of field']];;;['Stand still', ['Left side of field']];;;['Stand still', ['Left side of field']];;;['Stand still', ['Left side of field']];;1;520
520;;;;;;;;;;;;;;;;;;;;;;;;;1;521
521;;;;;;;;;;;;;;;;;;;;;;;;;1;522
522;;;;;;;;;;;;;;;;;;;;;;;;;1;523
523;;;;;;;;;;;;;;;;;;;;;;;;;1;524
524;;;;;;;;;;;;;;;;;;;;;;;;;1;525
525;;;;;;;;;;;;;;;;;;;;;;;;;1;526
526;;;;;;;;;;;;;;;;;;;;;;;;;1;527
527;;;;;;;;;;;;;;;;;;;;;;;;;1;528
528;;;;;;;;;;;;;;;;;;;;;;;;;1;529
529;;;;;;;;;;;;;;;;;;;;;;;;;1;530
530;;;;;;;;;;;;;;;;;;;;;;;;;1;531
531;;;;;;;;;;;;;;;;;;;;;;;;;1;532
532;;;;;;;;;;;;;;;;;;;;;;;;;1;533
533;;;;;;;;;;;;;;;;;;;;;;;;;1;534
534;;;;;;;;;;;;;;;;;;;;;;;;;1;535
535;;;;;;;;;;;;;;;;;;;;;;;;;1;536
536;;;;;;;;;;;;;;;;;;;;;;;;;1;537
537;;;;;;;;;;;;;;;;;;;;;;;;;1;538
538;;;;;;;;;;;;;;;;;;;;;;;;;1;539
539;['Stand still', ['Left side of field']];;"{""content"": [""Stand still"", [""Left side of field""]], ""from_id"": ""human_selector"", ""to_id"": ""robot"", ""message_id"": ""566b85de1f2b2f488b2dae81c22cbed9""}";;['Stand still', ['Left side of field']];;;['Stand still', ['Left side of field']];;;['Stand still', ['Left side of field']];;;['Stand still', ['Left side of field']];;;['Stand still', ['Left side of field']];;;['Stand still', ['Left side of field']];;;['Stand still', ['Left side of field']];;1;540
540;;;;;;;;;;;;;;;;;;;;;;;;;1;541
541;;;;;;;;;;;;;;;;;;;;;;;;;1;542
542;;;;;;;;;;;;;;;;;;;;;;;;;1;543
543;;;;;;;;;;;;;;;;;;;;;;;;;1;544
544;;;;;;;;;;;;;;;;;;;;;;;;;1;545
545;;;;;;;;;;;;;;;;;;;;;;;;;1;546
546;;Now executing Move back and forth;;;Now executing Move back and forth;;;Now executing Move back and forth;;;Now executing Move back and forth;;;Now executing Move back and forth;;;Now executing Move back and forth;;;Now executing Move back and forth;;Now executing Move back and forth;;"{""content"": ""Now executing Move back and forth"", ""from_id"": ""robot"", ""to_id"": ""ontologygod"", ""message_id"": ""c9a9e66d8140031a5f40e37779caf6ef""}";1;547
547;;;;;;;;;;;;;;;;;;;;;;;;;1;548
548;;;;;;;;;;;;;;;;;;;;;;;;;1;549
549;;;;;;;;;;;;;;;;;;;;;;;;;1;550
550;;;;;;;;;;;;;;;;;;;;;;;;;1;551
551;;;;;;;;;;;;;;;;;;;;;;;;;1;552
552;;;;;;;;;;;;;;;;;;;;;;;;;1;553
553;;;;;;;;;;;;;;;;;;;;;;;;;1;554
554;;;;;;;;;;;;;;;;;;;;;;;;;1;555
555;;;;;;;;;;;;;;;;;;;;;;;;;1;556
556;;;;;;;;;;;;;;;;;;;;;;;;;1;557
557;;;;;;;;;;;;;;;;;;;;;;;;;1;558
558;;;;;;;;;;;;;;;;;;;;;;;;;1;559
559;['Stand still', ['Left side of field']];;"{""content"": [""Stand still"", [""Left side of field""]], ""from_id"": ""human_selector"", ""to_id"": ""robot"", ""message_id"": ""1d9a4bddf3e89196999c8d2b704e5a2d""}";;['Stand still', ['Left side of field']];;;['Stand still', ['Left side of field']];;;['Stand still', ['Left side of field']];;;['Stand still', ['Left side of field']];;;['Stand still', ['Left side of field']];;;['Stand still', ['Left side of field']];;;['Stand still', ['Left side of field']];;1;560
560;;;;;;;;;;;;;;;;;;;;;;;;;1;561
561;;;;;;;;;;;;;;;;;;;;;;;;;1;562
562;;;;;;;;;;;;;;;;;;;;;;;;;1;563
563;;;;;;;;;;;;;;;;;;;;;;;;;1;564
564;;;;;;;;;;;;;;;;;;;;;;;;;1;565
565;;;;;;;;;;;;;;;;;;;;;;;;;1;566
566;;;;;;;;;;;;;;;;;;;;;;;;;1;567
567;;;;;;;;;;;;;;;;;;;;;;;;;1;568
568;;;;;;;;;;;;;;;;;;;;;;;;;1;569
569;;;;;;;;;;;;;;;;;;;;;;;;;1;570
570;;;;;;;;;;;;;;;;;;;;;;;;;1;571
571;;;;;;;;;;;;;;;;;;;;;;;;;1;572
572;;;;;;;;;;;;;;;;;;;;;;;;;1;573
573;;;;;;;;;;;;;;;;;;;;;;;;;1;574
574;;;;;;;;;;;;;;;;;;;;;;;;;1;575
575;;;;;;;;;;;;;;;;;;;;;;;;;1;576
576;;;;;;;;;;;;;;;;;;;;;;;;;1;577
577;;;;;;;;;;;;;;;;;;;;;;;;;1;578
578;;;;;;;;;;;;;;;;;;;;;;;;;1;579
579;['Stand still', ['Left side of field']];;"{""content"": [""Stand still"", [""Left side of field""]], ""from_id"": ""human_selector"", ""to_id"": ""robot"", ""message_id"": ""d1ac434b60c68eb29a65d1d42b4c5a46""}";;['Stand still', ['Left side of field']];;;['Stand still', ['Left side of field']];;;['Stand still', ['Left side of field']];;;['Stand still', ['Left side of field']];;;['Stand still', ['Left side of field']];;;['Stand still', ['Left side of field']];;;['Stand still', ['Left side of field']];;1;580
580;;;;;;;;;;;;;;;;;;;;;;;;;1;581
581;;;;;;;;;;;;;;;;;;;;;;;;;1;582
582;;;;;;;;;;;;;;;;;;;;;;;;;1;583
583;;;;;;;;;;;;;;;;;;;;;;;;;1;584
584;;;;;;;;;;;;;;;;;;;;;;;;;1;585
585;;;;;;;;;;;;;;;;;;;;;;;;;1;586
586;;;;;;;;;;;;;;;;;;;;;;;;;1;587
587;;;;;;;;;;;;;;;;;;;;;;;;;1;588
588;;;;;;;;;;;;;;;;;;;;;;;;;1;589
589;;;;;;;;;;;;;;;;;;;;;;;;;1;590
590;;;;;;;;;;;;;;;;;;;;;;;;;1;591
591;;;;;;;;;;;;;;;;;;;;;;;;;1;592
592;;;;;;;;;;;;;;;;;;;;;;;;;1;593
593;;;;;;;;;;;;;;;;;;;;;;;;;1;594
594;;;;;;;;;;;;;;;;;;;;;;;;;1;595
595;;;;;;;;;;;;;;;;;;;;;;;;;1;596
596;;;;;;;;;;;;;;;;;;;;;;;;;1;597
597;;;;;;;;;;;;;;;;;;;;;;;;;1;598
598;;;;;;;;;;;;;;;;;;;;;;;;;1;599
599;['Stand still', ['Left side of field']];;"{""content"": [""Stand still"", [""Left side of field""]], ""from_id"": ""human_selector"", ""to_id"": ""robot"", ""message_id"": ""2d03400225b661de1251c988925431a2""}";;['Stand still', ['Left side of field']];;;['Stand still', ['Left side of field']];;;['Stand still', ['Left side of field']];;;['Stand still', ['Left side of field']];;;['Stand still', ['Left side of field']];;;['Stand still', ['Left side of field']];;;['Stand still', ['Left side of field']];;1;600
600;;;;;;;;;;;;;;;;;;;;;;;;;1;601
601;;;;;;;;;;;;;;;;;;;;;;;;;1;602
602;;Now executing Stand Still;;;Now executing Stand Still;;;Now executing Stand Still;;;Now executing Stand Still;;;Now executing Stand Still;;;Now executing Stand Still;;;Now executing Stand Still;;Now executing Stand Still;;"{""content"": ""Now executing Stand Still"", ""from_id"": ""robot"", ""to_id"": ""ontologygod"", ""message_id"": ""33955a038467e820526eeacd098e086e""}";1;603
603;;;;;;;;;;;;;;;;;;;;;;;;;1;604
604;;;;;;;;;;;;;;;;;;;;;;;;;1;605
605;;;;;;;;;;;;;;;;;;;;;;;;;1;606
606;;;;;;;;;;;;;;;;;;;;;;;;;1;607
607;;;;;;;;;;;;;;;;;;;;;;;;;1;608
608;;;;;;;;;;;;;;;;;;;;;;;;;1;609
609;;;;;;;;;;;;;;;;;;;;;;;;;1;610
610;;;;;;;;;;;;;;;;;;;;;;;;;1;611
611;;;;;;;;;;;;;;;;;;;;;;;;;1;612
612;;;;;;;;;;;;;;;;;;;;;;;;;1;613
613;;;;;;;;;;;;;;;;;;;;;;;;;1;614
614;;;;;;;;;;;;;;;;;;;;;;;;;1;615
615;;;;;;;;;;;;;;;;;;;;;;;;;1;616
616;;;;;;;;;;;;;;;;;;;;;;;;;1;617
617;;;;;;;;;;;;;;;;;;;;;;;;;1;618
618;;;;;;;;;;;;;;;;;;;;;;;;;1;619
619;['Stand still', ['Left side of field']];;"{""content"": [""Stand still"", [""Left side of field""]], ""from_id"": ""human_selector"", ""to_id"": ""robot"", ""message_id"": ""74a86f16c75663179a1dc8e16db8cef1""}";;['Stand still', ['Left side of field']];;;['Stand still', ['Left side of field']];;;['Stand still', ['Left side of field']];;;['Stand still', ['Left side of field']];;;['Stand still', ['Left side of field']];;;['Stand still', ['Left side of field']];;;['Stand still', ['Left side of field']];;1;620
620;;;;;;;;;;;;;;;;;;;;;;;;;1;621
621;;;;;;;;;;;;;;;;;;;;;;;;;1;622
622;;;;;;;;;;;;;;;;;;;;;;;;;1;623
623;;;;;;;;;;;;;;;;;;;;;;;;;1;624
624;;;;;;;;;;;;;;;;;;;;;;;;;1;625
625;;;;;;;;;;;;;;;;;;;;;;;;;1;626
626;;;;;;;;;;;;;;;;;;;;;;;;;1;627
627;;;;;;;;;;;;;;;;;;;;;;;;;1;628
628;;;;;;;;;;;;;;;;;;;;;;;;;1;629
629;;;;;;;;;;;;;;;;;;;;;;;;;1;630
630;;;;;;;;;;;;;;;;;;;;;;;;;1;631
631;;;;;;;;;;;;;;;;;;;;;;;;;1;632
632;;;;;;;;;;;;;;;;;;;;;;;;;1;633
633;;;;;;;;;;;;;;;;;;;;;;;;;1;634
634;;;;;;;;;;;;;;;;;;;;;;;;;1;635
635;;;;;;;;;;;;;;;;;;;;;;;;;1;636
636;;;;;;;;;;;;;;;;;;;;;;;;;1;637
637;;;;;;;;;;;;;;;;;;;;;;;;;1;638
638;;;;;;;;;;;;;;;;;;;;;;;;;1;639
639;['Stand still', ['Left side of field']];;"{""content"": [""Stand still"", [""Left side of field""]], ""from_id"": ""human_selector"", ""to_id"": ""robot"", ""message_id"": ""7b2053a2bf0a2c0278ece5f2bc3f533""}";;['Stand still', ['Left side of field']];;;['Stand still', ['Left side of field']];;;['Stand still', ['Left side of field']];;;['Stand still', ['Left side of field']];;;['Stand still', ['Left side of field']];;;['Stand still', ['Left side of field']];;;['Stand still', ['Left side of field']];;1;640
640;;;;;;;;;;;;;;;;;;;;;;;;;1;641
641;;;;;;;;;;;;;;;;;;;;;;;;;1;642
642;;;;;;;;;;;;;;;;;;;;;;;;;1;643
643;;;;;;;;;;;;;;;;;;;;;;;;;1;644
644;;;;;;;;;;;;;;;;;;;;;;;;;1;645
645;;;;;;;;;;;;;;;;;;;;;;;;;1;646
646;;;;;;;;;;;;;;;;;;;;;;;;;1;647
647;;;;;;;;;;;;;;;;;;;;;;;;;1;648
648;;;;;;;;;;;;;;;;;;;;;;;;;1;649
649;;;;;;;;;;;;;;;;;;;;;;;;;1;650
650;;;;;;;;;;;;;;;;;;;;;;;;;1;651
651;;;;;;;;;;;;;;;;;;;;;;;;;1;652
652;;;;;;;;;;;;;;;;;;;;;;;;;1;653
653;;;;;;;;;;;;;;;;;;;;;;;;;1;654
654;;;;;;;;;;;;;;;;;;;;;;;;;1;655
655;;;;;;;;;;;;;;;;;;;;;;;;;1;656
656;;;;;;;;;;;;;;;;;;;;;;;;;1;657
657;;;;;;;;;;;;;;;;;;;;;;;;;1;658
